rank,item_id,regime_id,rho_global_post,rho_global_pre,rho_local_pre,rho_local_post,value,tau,exclusion
1,kb/id=doc_001,kb,0.3504273504273504,0.3504273504273504,0.5655172413793104,0.5655172413793104,0.82,0.02,global
2,tickets/id=doc_101,tickets,0.3290598290598291,0.3290598290598291,0.8651685393258427,0.8651685393258427,0.77,0.02,global
3,kb/id=doc_002,kb,0.2692307692307693,0.2692307692307693,0.4344827586206897,0.4344827586206897,0.63,0.02,global
4,tickets/id=doc_102,tickets,0.05128205128205128,0.05128205128205128,0.1348314606741573,0.1348314606741573,0.12,0.02,global
